sample_id,copied_file_count,copied_files,minor_damage_buildings,major_damage_buildings,minor_damage_pixels,major_damage_pixels
nepal-flooding_00000421,4,data/week8_extra/train/images/nepal-flooding_00000421_pre_disaster.png;data/week8_extra/train/images/nepal-flooding_00000421_post_disaster.png;data/week8_extra/train/labels/nepal-flooding_00000421_pre_disaster.json;data/week8_extra/train/labels/nepal-flooding_00000421_post_disaster.json,143,22,80775,13498
nepal-flooding_00000408,4,data/week8_extra/train/images/nepal-flooding_00000408_pre_disaster.png;data/week8_extra/train/images/nepal-flooding_00000408_post_disaster.png;data/week8_extra/train/labels/nepal-flooding_00000408_pre_disaster.json;data/week8_extra/train/labels/nepal-flooding_00000408_post_disaster.json,25,180,5537,47561
nepal-flooding_00000036,4,data/week8_extra/train/images/nepal-flooding_00000036_pre_disaster.png;data/week8_extra/train/images/nepal-flooding_00000036_post_disaster.png;data/week8_extra/train/labels/nepal-flooding_00000036_pre_disaster.json;data/week8_extra/train/labels/nepal-flooding_00000036_post_disaster.json,89,35,22798,10324
nepal-flooding_00000231,4,data/week8_extra/train/images/nepal-flooding_00000231_pre_disaster.png;data/week8_extra/train/images/nepal-flooding_00000231_post_disaster.png;data/week8_extra/train/labels/nepal-flooding_00000231_pre_disaster.json;data/week8_extra/train/labels/nepal-flooding_00000231_post_disaster.json,66,68,13612,25986
nepal-flooding_00000225,4,data/week8_extra/train/images/nepal-flooding_00000225_pre_disaster.png;data/week8_extra/train/images/nepal-flooding_00000225_post_disaster.png;data/week8_extra/train/labels/nepal-flooding_00000225_pre_disaster.json;data/week8_extra/train/labels/nepal-flooding_00000225_post_disaster.json,62,65,18353,30745
nepal-flooding_00000338,4,data/week8_extra/train/images/nepal-flooding_00000338_pre_disaster.png;data/week8_extra/train/images/nepal-flooding_00000338_post_disaster.png;data/week8_extra/train/labels/nepal-flooding_00000338_pre_disaster.json;data/week8_extra/train/labels/nepal-flooding_00000338_post_disaster.json,37,107,8910,22476
nepal-flooding_00000313,4,data/week8_extra/train/images/nepal-flooding_00000313_pre_disaster.png;data/week8_extra/train/images/nepal-flooding_00000313_post_disaster.png;data/week8_extra/train/labels/nepal-flooding_00000313_pre_disaster.json;data/week8_extra/train/labels/nepal-flooding_00000313_post_disaster.json,42,81,13221,31137
nepal-flooding_00000476,4,data/week8_extra/train/images/nepal-flooding_00000476_pre_disaster.png;data/week8_extra/train/images/nepal-flooding_00000476_post_disaster.png;data/week8_extra/train/labels/nepal-flooding_00000476_pre_disaster.json;data/week8_extra/train/labels/nepal-flooding_00000476_post_disaster.json,87,6,25441,2321
nepal-flooding_00000427,4,data/week8_extra/train/images/nepal-flooding_00000427_pre_disaster.png;data/week8_extra/train/images/nepal-flooding_00000427_post_disaster.png;data/week8_extra/train/labels/nepal-flooding_00000427_pre_disaster.json;data/week8_extra/train/labels/nepal-flooding_00000427_post_disaster.json,86,4,43534,2031
nepal-flooding_00000563,4,data/week8_extra/train/images/nepal-flooding_00000563_pre_disaster.png;data/week8_extra/train/images/nepal-flooding_00000563_post_disaster.png;data/week8_extra/train/labels/nepal-flooding_00000563_pre_disaster.json;data/week8_extra/train/labels/nepal-flooding_00000563_post_disaster.json,78,16,36712,7184
nepal-flooding_00000509,4,data/week8_extra/train/images/nepal-flooding_00000509_pre_disaster.png;data/week8_extra/train/images/nepal-flooding_00000509_post_disaster.png;data/week8_extra/train/labels/nepal-flooding_00000509_pre_disaster.json;data/week8_extra/train/labels/nepal-flooding_00000509_post_disaster.json,71,23,28885,16620
nepal-flooding_00000347,4,data/week8_extra/train/images/nepal-flooding_00000347_pre_disaster.png;data/week8_extra/train/images/nepal-flooding_00000347_post_disaster.png;data/week8_extra/train/labels/nepal-flooding_00000347_pre_disaster.json;data/week8_extra/train/labels/nepal-flooding_00000347_post_disaster.json,65,35,16241,8117
nepal-flooding_00000436,4,data/week8_extra/train/images/nepal-flooding_00000436_pre_disaster.png;data/week8_extra/train/images/nepal-flooding_00000436_post_disaster.png;data/week8_extra/train/labels/nepal-flooding_00000436_pre_disaster.json;data/week8_extra/train/labels/nepal-flooding_00000436_post_disaster.json,44,66,16560,20738
nepal-flooding_00000028,4,data/week8_extra/train/images/nepal-flooding_00000028_pre_disaster.png;data/week8_extra/train/images/nepal-flooding_00000028_post_disaster.png;data/week8_extra/train/labels/nepal-flooding_00000028_pre_disaster.json;data/week8_extra/train/labels/nepal-flooding_00000028_post_disaster.json,63,19,13638,4981
nepal-flooding_00000020,4,data/week8_extra/train/images/nepal-flooding_00000020_pre_disaster.png;data/week8_extra/train/images/nepal-flooding_00000020_post_disaster.png;data/week8_extra/train/labels/nepal-flooding_00000020_pre_disaster.json;data/week8_extra/train/labels/nepal-flooding_00000020_post_disaster.json,63,13,30240,12136
nepal-flooding_00000344,4,data/week8_extra/train/images/nepal-flooding_00000344_pre_disaster.png;data/week8_extra/train/images/nepal-flooding_00000344_post_disaster.png;data/week8_extra/train/labels/nepal-flooding_00000344_pre_disaster.json;data/week8_extra/train/labels/nepal-flooding_00000344_post_disaster.json,32,63,22379,38033
nepal-flooding_00000307,4,data/week8_extra/train/images/nepal-flooding_00000307_pre_disaster.png;data/week8_extra/train/images/nepal-flooding_00000307_post_disaster.png;data/week8_extra/train/labels/nepal-flooding_00000307_pre_disaster.json;data/week8_extra/train/labels/nepal-flooding_00000307_post_disaster.json,57,23,25938,8255
nepal-flooding_00000250,4,data/week8_extra/train/images/nepal-flooding_00000250_pre_disaster.png;data/week8_extra/train/images/nepal-flooding_00000250_post_disaster.png;data/week8_extra/train/labels/nepal-flooding_00000250_pre_disaster.json;data/week8_extra/train/labels/nepal-flooding_00000250_post_disaster.json,44,45,8679,8055
nepal-flooding_00000618,4,data/week8_extra/train/images/nepal-flooding_00000618_pre_disaster.png;data/week8_extra/train/images/nepal-flooding_00000618_post_disaster.png;data/week8_extra/train/labels/nepal-flooding_00000618_pre_disaster.json;data/week8_extra/train/labels/nepal-flooding_00000618_post_disaster.json,61,12,20608,3678
nepal-flooding_00000516,4,data/week8_extra/train/images/nepal-flooding_00000516_pre_disaster.png;data/week8_extra/train/images/nepal-flooding_00000516_post_disaster.png;data/week8_extra/train/labels/nepal-flooding_00000516_pre_disaster.json;data/week8_extra/train/labels/nepal-flooding_00000516_post_disaster.json,51,23,20391,12118
nepal-flooding_00000197,4,data/week8_extra/train/images/nepal-flooding_00000197_pre_disaster.png;data/week8_extra/train/images/nepal-flooding_00000197_post_disaster.png;data/week8_extra/train/labels/nepal-flooding_00000197_pre_disaster.json;data/week8_extra/train/labels/nepal-flooding_00000197_post_disaster.json,46,27,22272,6320
nepal-flooding_00000465,4,data/week8_extra/train/images/nepal-flooding_00000465_pre_disaster.png;data/week8_extra/train/images/nepal-flooding_00000465_post_disaster.png;data/week8_extra/train/labels/nepal-flooding_00000465_pre_disaster.json;data/week8_extra/train/labels/nepal-flooding_00000465_post_disaster.json,54,12,18211,5699
nepal-flooding_00000575,4,data/week8_extra/train/images/nepal-flooding_00000575_pre_disaster.png;data/week8_extra/train/images/nepal-flooding_00000575_post_disaster.png;data/week8_extra/train/labels/nepal-flooding_00000575_pre_disaster.json;data/week8_extra/train/labels/nepal-flooding_00000575_post_disaster.json,55,6,26852,1332
nepal-flooding_00000173,4,data/week8_extra/train/images/nepal-flooding_00000173_pre_disaster.png;data/week8_extra/train/images/nepal-flooding_00000173_post_disaster.png;data/week8_extra/train/labels/nepal-flooding_00000173_pre_disaster.json;data/week8_extra/train/labels/nepal-flooding_00000173_post_disaster.json,40,33,9490,7377
nepal-flooding_00000341,4,data/week8_extra/train/images/nepal-flooding_00000341_pre_disaster.png;data/week8_extra/train/images/nepal-flooding_00000341_post_disaster.png;data/week8_extra/train/labels/nepal-flooding_00000341_pre_disaster.json;data/week8_extra/train/labels/nepal-flooding_00000341_post_disaster.json,37,30,23041,18147
nepal-flooding_00000295,4,data/week8_extra/train/images/nepal-flooding_00000295_pre_disaster.png;data/week8_extra/train/images/nepal-flooding_00000295_post_disaster.png;data/week8_extra/train/labels/nepal-flooding_00000295_pre_disaster.json;data/week8_extra/train/labels/nepal-flooding_00000295_post_disaster.json,29,40,30618,35721
nepal-flooding_00000249,4,data/week8_extra/train/images/nepal-flooding_00000249_pre_disaster.png;data/week8_extra/train/images/nepal-flooding_00000249_post_disaster.png;data/week8_extra/train/labels/nepal-flooding_00000249_pre_disaster.json;data/week8_extra/train/labels/nepal-flooding_00000249_post_disaster.json,27,43,27506,36192
nepal-flooding_00000209,4,data/week8_extra/train/images/nepal-flooding_00000209_pre_disaster.png;data/week8_extra/train/images/nepal-flooding_00000209_post_disaster.png;data/week8_extra/train/labels/nepal-flooding_00000209_pre_disaster.json;data/week8_extra/train/labels/nepal-flooding_00000209_post_disaster.json,54,2,20358,1639
nepal-flooding_00000443,4,data/week8_extra/train/images/nepal-flooding_00000443_pre_disaster.png;data/week8_extra/train/images/nepal-flooding_00000443_post_disaster.png;data/week8_extra/train/labels/nepal-flooding_00000443_pre_disaster.json;data/week8_extra/train/labels/nepal-flooding_00000443_post_disaster.json,27,46,8841,13444
nepal-flooding_00000531,4,data/week8_extra/train/images/nepal-flooding_00000531_pre_disaster.png;data/week8_extra/train/images/nepal-flooding_00000531_post_disaster.png;data/week8_extra/train/labels/nepal-flooding_00000531_pre_disaster.json;data/week8_extra/train/labels/nepal-flooding_00000531_post_disaster.json,45,6,19080,4104
nepal-flooding_00000194,4,data/week8_extra/train/images/nepal-flooding_00000194_pre_disaster.png;data/week8_extra/train/images/nepal-flooding_00000194_post_disaster.png;data/week8_extra/train/labels/nepal-flooding_00000194_pre_disaster.json;data/week8_extra/train/labels/nepal-flooding_00000194_post_disaster.json,46,4,15171,752
nepal-flooding_00000235,4,data/week8_extra/train/images/nepal-flooding_00000235_pre_disaster.png;data/week8_extra/train/images/nepal-flooding_00000235_post_disaster.png;data/week8_extra/train/labels/nepal-flooding_00000235_pre_disaster.json;data/week8_extra/train/labels/nepal-flooding_00000235_post_disaster.json,33,23,8643,9133
nepal-flooding_00000467,4,data/week8_extra/train/images/nepal-flooding_00000467_pre_disaster.png;data/week8_extra/train/images/nepal-flooding_00000467_post_disaster.png;data/week8_extra/train/labels/nepal-flooding_00000467_pre_disaster.json;data/week8_extra/train/labels/nepal-flooding_00000467_post_disaster.json,38,14,13349,8180
nepal-flooding_00000492,4,data/week8_extra/train/images/nepal-flooding_00000492_pre_disaster.png;data/week8_extra/train/images/nepal-flooding_00000492_post_disaster.png;data/week8_extra/train/labels/nepal-flooding_00000492_pre_disaster.json;data/week8_extra/train/labels/nepal-flooding_00000492_post_disaster.json,45,1,26009,287
nepal-flooding_00000126,4,data/week8_extra/train/images/nepal-flooding_00000126_pre_disaster.png;data/week8_extra/train/images/nepal-flooding_00000126_post_disaster.png;data/week8_extra/train/labels/nepal-flooding_00000126_pre_disaster.json;data/week8_extra/train/labels/nepal-flooding_00000126_post_disaster.json,31,26,9418,10033
nepal-flooding_00000119,4,data/week8_extra/train/images/nepal-flooding_00000119_pre_disaster.png;data/week8_extra/train/images/nepal-flooding_00000119_post_disaster.png;data/week8_extra/train/labels/nepal-flooding_00000119_pre_disaster.json;data/week8_extra/train/labels/nepal-flooding_00000119_post_disaster.json,36,14,22410,10183
nepal-flooding_00000337,4,data/week8_extra/train/images/nepal-flooding_00000337_pre_disaster.png;data/week8_extra/train/images/nepal-flooding_00000337_post_disaster.png;data/week8_extra/train/labels/nepal-flooding_00000337_pre_disaster.json;data/week8_extra/train/labels/nepal-flooding_00000337_post_disaster.json,13,52,10925,29022
nepal-flooding_00000511,4,data/week8_extra/train/images/nepal-flooding_00000511_pre_disaster.png;data/week8_extra/train/images/nepal-flooding_00000511_post_disaster.png;data/week8_extra/train/labels/nepal-flooding_00000511_pre_disaster.json;data/week8_extra/train/labels/nepal-flooding_00000511_post_disaster.json,45,2,7323,620
nepal-flooding_00000200,4,data/week8_extra/train/images/nepal-flooding_00000200_pre_disaster.png;data/week8_extra/train/images/nepal-flooding_00000200_post_disaster.png;data/week8_extra/train/labels/nepal-flooding_00000200_pre_disaster.json;data/week8_extra/train/labels/nepal-flooding_00000200_post_disaster.json,27,31,4877,6082
nepal-flooding_00000374,4,data/week8_extra/train/images/nepal-flooding_00000374_pre_disaster.png;data/week8_extra/train/images/nepal-flooding_00000374_post_disaster.png;data/week8_extra/train/labels/nepal-flooding_00000374_pre_disaster.json;data/week8_extra/train/labels/nepal-flooding_00000374_post_disaster.json,39,9,13830,4445
nepal-flooding_00000310,4,data/week8_extra/train/images/nepal-flooding_00000310_pre_disaster.png;data/week8_extra/train/images/nepal-flooding_00000310_post_disaster.png;data/week8_extra/train/labels/nepal-flooding_00000310_pre_disaster.json;data/week8_extra/train/labels/nepal-flooding_00000310_post_disaster.json,20,41,6003,10021
nepal-flooding_00000022,4,data/week8_extra/train/images/nepal-flooding_00000022_pre_disaster.png;data/week8_extra/train/images/nepal-flooding_00000022_post_disaster.png;data/week8_extra/train/labels/nepal-flooding_00000022_pre_disaster.json;data/week8_extra/train/labels/nepal-flooding_00000022_post_disaster.json,33,17,12418,6928
nepal-flooding_00000034,4,data/week8_extra/train/images/nepal-flooding_00000034_pre_disaster.png;data/week8_extra/train/images/nepal-flooding_00000034_post_disaster.png;data/week8_extra/train/labels/nepal-flooding_00000034_pre_disaster.json;data/week8_extra/train/labels/nepal-flooding_00000034_post_disaster.json,40,6,8601,1733
nepal-flooding_00000368,4,data/week8_extra/train/images/nepal-flooding_00000368_pre_disaster.png;data/week8_extra/train/images/nepal-flooding_00000368_post_disaster.png;data/week8_extra/train/labels/nepal-flooding_00000368_pre_disaster.json;data/week8_extra/train/labels/nepal-flooding_00000368_post_disaster.json,7,60,1678,20671
nepal-flooding_00000303,4,data/week8_extra/train/images/nepal-flooding_00000303_pre_disaster.png;data/week8_extra/train/images/nepal-flooding_00000303_post_disaster.png;data/week8_extra/train/labels/nepal-flooding_00000303_pre_disaster.json;data/week8_extra/train/labels/nepal-flooding_00000303_post_disaster.json,20,37,11166,16435
nepal-flooding_00000567,4,data/week8_extra/train/images/nepal-flooding_00000567_pre_disaster.png;data/week8_extra/train/images/nepal-flooding_00000567_post_disaster.png;data/week8_extra/train/labels/nepal-flooding_00000567_pre_disaster.json;data/week8_extra/train/labels/nepal-flooding_00000567_post_disaster.json,35,11,20046,2465
nepal-flooding_00000031,4,data/week8_extra/train/images/nepal-flooding_00000031_pre_disaster.png;data/week8_extra/train/images/nepal-flooding_00000031_post_disaster.png;data/week8_extra/train/labels/nepal-flooding_00000031_pre_disaster.json;data/week8_extra/train/labels/nepal-flooding_00000031_post_disaster.json,37,9,11555,2480
nepal-flooding_00000323,4,data/week8_extra/train/images/nepal-flooding_00000323_pre_disaster.png;data/week8_extra/train/images/nepal-flooding_00000323_post_disaster.png;data/week8_extra/train/labels/nepal-flooding_00000323_pre_disaster.json;data/week8_extra/train/labels/nepal-flooding_00000323_post_disaster.json,27,25,8761,6996
nepal-flooding_00000025,4,data/week8_extra/train/images/nepal-flooding_00000025_pre_disaster.png;data/week8_extra/train/images/nepal-flooding_00000025_post_disaster.png;data/week8_extra/train/labels/nepal-flooding_00000025_pre_disaster.json;data/week8_extra/train/labels/nepal-flooding_00000025_post_disaster.json,38,6,8011,783
nepal-flooding_00000304,4,data/week8_extra/train/images/nepal-flooding_00000304_pre_disaster.png;data/week8_extra/train/images/nepal-flooding_00000304_post_disaster.png;data/week8_extra/train/labels/nepal-flooding_00000304_pre_disaster.json;data/week8_extra/train/labels/nepal-flooding_00000304_post_disaster.json,21,30,15903,28798
nepal-flooding_00000370,4,data/week8_extra/train/images/nepal-flooding_00000370_pre_disaster.png;data/week8_extra/train/images/nepal-flooding_00000370_post_disaster.png;data/week8_extra/train/labels/nepal-flooding_00000370_pre_disaster.json;data/week8_extra/train/labels/nepal-flooding_00000370_post_disaster.json,40,2,8113,387
nepal-flooding_00000331,4,data/week8_extra/train/images/nepal-flooding_00000331_pre_disaster.png;data/week8_extra/train/images/nepal-flooding_00000331_post_disaster.png;data/week8_extra/train/labels/nepal-flooding_00000331_pre_disaster.json;data/week8_extra/train/labels/nepal-flooding_00000331_post_disaster.json,24,26,12188,14561
nepal-flooding_00000044,4,data/week8_extra/train/images/nepal-flooding_00000044_pre_disaster.png;data/week8_extra/train/images/nepal-flooding_00000044_post_disaster.png;data/week8_extra/train/labels/nepal-flooding_00000044_pre_disaster.json;data/week8_extra/train/labels/nepal-flooding_00000044_post_disaster.json,40,0,19094,0
nepal-flooding_00000325,4,data/week8_extra/train/images/nepal-flooding_00000325_pre_disaster.png;data/week8_extra/train/images/nepal-flooding_00000325_post_disaster.png;data/week8_extra/train/labels/nepal-flooding_00000325_pre_disaster.json;data/week8_extra/train/labels/nepal-flooding_00000325_post_disaster.json,17,36,15328,20689
nepal-flooding_00000333,4,data/week8_extra/train/images/nepal-flooding_00000333_pre_disaster.png;data/week8_extra/train/images/nepal-flooding_00000333_post_disaster.png;data/week8_extra/train/labels/nepal-flooding_00000333_pre_disaster.json;data/week8_extra/train/labels/nepal-flooding_00000333_post_disaster.json,17,33,19589,30715
nepal-flooding_00000165,4,data/week8_extra/train/images/nepal-flooding_00000165_pre_disaster.png;data/week8_extra/train/images/nepal-flooding_00000165_post_disaster.png;data/week8_extra/train/labels/nepal-flooding_00000165_pre_disaster.json;data/week8_extra/train/labels/nepal-flooding_00000165_post_disaster.json,33,11,7220,2526
nepal-flooding_00000551,4,data/week8_extra/train/images/nepal-flooding_00000551_pre_disaster.png;data/week8_extra/train/images/nepal-flooding_00000551_post_disaster.png;data/week8_extra/train/labels/nepal-flooding_00000551_pre_disaster.json;data/week8_extra/train/labels/nepal-flooding_00000551_post_disaster.json,31,9,14661,3785
nepal-flooding_00000383,4,data/week8_extra/train/images/nepal-flooding_00000383_pre_disaster.png;data/week8_extra/train/images/nepal-flooding_00000383_post_disaster.png;data/week8_extra/train/labels/nepal-flooding_00000383_pre_disaster.json;data/week8_extra/train/labels/nepal-flooding_00000383_post_disaster.json,35,0,22765,0
nepal-flooding_00000489,4,data/week8_extra/train/images/nepal-flooding_00000489_pre_disaster.png;data/week8_extra/train/images/nepal-flooding_00000489_post_disaster.png;data/week8_extra/train/labels/nepal-flooding_00000489_pre_disaster.json;data/week8_extra/train/labels/nepal-flooding_00000489_post_disaster.json,26,16,9460,6474
nepal-flooding_00000260,4,data/week8_extra/train/images/nepal-flooding_00000260_pre_disaster.png;data/week8_extra/train/images/nepal-flooding_00000260_post_disaster.png;data/week8_extra/train/labels/nepal-flooding_00000260_pre_disaster.json;data/week8_extra/train/labels/nepal-flooding_00000260_post_disaster.json,13,35,3319,14905
nepal-flooding_00000253,4,data/week8_extra/train/images/nepal-flooding_00000253_pre_disaster.png;data/week8_extra/train/images/nepal-flooding_00000253_post_disaster.png;data/week8_extra/train/labels/nepal-flooding_00000253_pre_disaster.json;data/week8_extra/train/labels/nepal-flooding_00000253_post_disaster.json,17,28,8099,10255
nepal-flooding_00000480,4,data/week8_extra/train/images/nepal-flooding_00000480_pre_disaster.png;data/week8_extra/train/images/nepal-flooding_00000480_post_disaster.png;data/week8_extra/train/labels/nepal-flooding_00000480_pre_disaster.json;data/week8_extra/train/labels/nepal-flooding_00000480_post_disaster.json,29,7,12097,5495
nepal-flooding_00000439,4,data/week8_extra/train/images/nepal-flooding_00000439_pre_disaster.png;data/week8_extra/train/images/nepal-flooding_00000439_post_disaster.png;data/week8_extra/train/labels/nepal-flooding_00000439_pre_disaster.json;data/week8_extra/train/labels/nepal-flooding_00000439_post_disaster.json,6,46,592,11472
nepal-flooding_00000387,4,data/week8_extra/train/images/nepal-flooding_00000387_pre_disaster.png;data/week8_extra/train/images/nepal-flooding_00000387_post_disaster.png;data/week8_extra/train/labels/nepal-flooding_00000387_pre_disaster.json;data/week8_extra/train/labels/nepal-flooding_00000387_post_disaster.json,13,33,5330,8727
nepal-flooding_00000018,4,data/week8_extra/train/images/nepal-flooding_00000018_pre_disaster.png;data/week8_extra/train/images/nepal-flooding_00000018_post_disaster.png;data/week8_extra/train/labels/nepal-flooding_00000018_pre_disaster.json;data/week8_extra/train/labels/nepal-flooding_00000018_post_disaster.json,6,43,2533,21263
nepal-flooding_00000373,4,data/week8_extra/train/images/nepal-flooding_00000373_pre_disaster.png;data/week8_extra/train/images/nepal-flooding_00000373_post_disaster.png;data/week8_extra/train/labels/nepal-flooding_00000373_pre_disaster.json;data/week8_extra/train/labels/nepal-flooding_00000373_post_disaster.json,26,9,10553,3681
nepal-flooding_00000564,4,data/week8_extra/train/images/nepal-flooding_00000564_pre_disaster.png;data/week8_extra/train/images/nepal-flooding_00000564_post_disaster.png;data/week8_extra/train/labels/nepal-flooding_00000564_pre_disaster.json;data/week8_extra/train/labels/nepal-flooding_00000564_post_disaster.json,28,3,23385,1056
nepal-flooding_00000170,4,data/week8_extra/train/images/nepal-flooding_00000170_pre_disaster.png;data/week8_extra/train/images/nepal-flooding_00000170_post_disaster.png;data/week8_extra/train/labels/nepal-flooding_00000170_pre_disaster.json;data/week8_extra/train/labels/nepal-flooding_00000170_post_disaster.json,26,5,22979,5242
nepal-flooding_00000522,4,data/week8_extra/train/images/nepal-flooding_00000522_pre_disaster.png;data/week8_extra/train/images/nepal-flooding_00000522_post_disaster.png;data/week8_extra/train/labels/nepal-flooding_00000522_pre_disaster.json;data/week8_extra/train/labels/nepal-flooding_00000522_post_disaster.json,28,4,9963,496
nepal-flooding_00000082,4,data/week8_extra/train/images/nepal-flooding_00000082_pre_disaster.png;data/week8_extra/train/images/nepal-flooding_00000082_post_disaster.png;data/week8_extra/train/labels/nepal-flooding_00000082_pre_disaster.json;data/week8_extra/train/labels/nepal-flooding_00000082_post_disaster.json,22,14,4532,4740
nepal-flooding_00000413,4,data/week8_extra/train/images/nepal-flooding_00000413_pre_disaster.png;data/week8_extra/train/images/nepal-flooding_00000413_post_disaster.png;data/week8_extra/train/labels/nepal-flooding_00000413_pre_disaster.json;data/week8_extra/train/labels/nepal-flooding_00000413_post_disaster.json,21,15,8629,5880
nepal-flooding_00000109,4,data/week8_extra/train/images/nepal-flooding_00000109_pre_disaster.png;data/week8_extra/train/images/nepal-flooding_00000109_post_disaster.png;data/week8_extra/train/labels/nepal-flooding_00000109_pre_disaster.json;data/week8_extra/train/labels/nepal-flooding_00000109_post_disaster.json,23,12,4253,2181
nepal-flooding_00000541,4,data/week8_extra/train/images/nepal-flooding_00000541_pre_disaster.png;data/week8_extra/train/images/nepal-flooding_00000541_post_disaster.png;data/week8_extra/train/labels/nepal-flooding_00000541_pre_disaster.json;data/week8_extra/train/labels/nepal-flooding_00000541_post_disaster.json,29,2,6200,1186
nepal-flooding_00000023,4,data/week8_extra/train/images/nepal-flooding_00000023_pre_disaster.png;data/week8_extra/train/images/nepal-flooding_00000023_post_disaster.png;data/week8_extra/train/labels/nepal-flooding_00000023_pre_disaster.json;data/week8_extra/train/labels/nepal-flooding_00000023_post_disaster.json,20,16,7841,7036
nepal-flooding_00000085,4,data/week8_extra/train/images/nepal-flooding_00000085_pre_disaster.png;data/week8_extra/train/images/nepal-flooding_00000085_post_disaster.png;data/week8_extra/train/labels/nepal-flooding_00000085_pre_disaster.json;data/week8_extra/train/labels/nepal-flooding_00000085_post_disaster.json,14,26,2790,4241
nepal-flooding_00000362,4,data/week8_extra/train/images/nepal-flooding_00000362_pre_disaster.png;data/week8_extra/train/images/nepal-flooding_00000362_post_disaster.png;data/week8_extra/train/labels/nepal-flooding_00000362_pre_disaster.json;data/week8_extra/train/labels/nepal-flooding_00000362_post_disaster.json,26,6,2668,1832
nepal-flooding_00000606,4,data/week8_extra/train/images/nepal-flooding_00000606_pre_disaster.png;data/week8_extra/train/images/nepal-flooding_00000606_post_disaster.png;data/week8_extra/train/labels/nepal-flooding_00000606_pre_disaster.json;data/week8_extra/train/labels/nepal-flooding_00000606_post_disaster.json,16,20,8737,17413
nepal-flooding_00000317,4,data/week8_extra/train/images/nepal-flooding_00000317_pre_disaster.png;data/week8_extra/train/images/nepal-flooding_00000317_post_disaster.png;data/week8_extra/train/labels/nepal-flooding_00000317_pre_disaster.json;data/week8_extra/train/labels/nepal-flooding_00000317_post_disaster.json,18,19,2909,3722
nepal-flooding_00000203,4,data/week8_extra/train/images/nepal-flooding_00000203_pre_disaster.png;data/week8_extra/train/images/nepal-flooding_00000203_post_disaster.png;data/week8_extra/train/labels/nepal-flooding_00000203_pre_disaster.json;data/week8_extra/train/labels/nepal-flooding_00000203_post_disaster.json,20,15,4670,3521
nepal-flooding_00000152,4,data/week8_extra/train/images/nepal-flooding_00000152_pre_disaster.png;data/week8_extra/train/images/nepal-flooding_00000152_post_disaster.png;data/week8_extra/train/labels/nepal-flooding_00000152_pre_disaster.json;data/week8_extra/train/labels/nepal-flooding_00000152_post_disaster.json,23,9,11555,2103
nepal-flooding_00000162,4,data/week8_extra/train/images/nepal-flooding_00000162_pre_disaster.png;data/week8_extra/train/images/nepal-flooding_00000162_post_disaster.png;data/week8_extra/train/labels/nepal-flooding_00000162_pre_disaster.json;data/week8_extra/train/labels/nepal-flooding_00000162_post_disaster.json,21,13,4556,3847
nepal-flooding_00000572,4,data/week8_extra/train/images/nepal-flooding_00000572_pre_disaster.png;data/week8_extra/train/images/nepal-flooding_00000572_post_disaster.png;data/week8_extra/train/labels/nepal-flooding_00000572_pre_disaster.json;data/week8_extra/train/labels/nepal-flooding_00000572_post_disaster.json,17,18,10686,9034
nepal-flooding_00000418,4,data/week8_extra/train/images/nepal-flooding_00000418_pre_disaster.png;data/week8_extra/train/images/nepal-flooding_00000418_post_disaster.png;data/week8_extra/train/labels/nepal-flooding_00000418_pre_disaster.json;data/week8_extra/train/labels/nepal-flooding_00000418_post_disaster.json,28,0,13563,0
nepal-flooding_00000086,4,data/week8_extra/train/images/nepal-flooding_00000086_pre_disaster.png;data/week8_extra/train/images/nepal-flooding_00000086_post_disaster.png;data/week8_extra/train/labels/nepal-flooding_00000086_pre_disaster.json;data/week8_extra/train/labels/nepal-flooding_00000086_post_disaster.json,22,10,4265,1652
nepal-flooding_00000324,4,data/week8_extra/train/images/nepal-flooding_00000324_pre_disaster.png;data/week8_extra/train/images/nepal-flooding_00000324_post_disaster.png;data/week8_extra/train/labels/nepal-flooding_00000324_pre_disaster.json;data/week8_extra/train/labels/nepal-flooding_00000324_post_disaster.json,11,26,9983,10176
nepal-flooding_00000251,4,data/week8_extra/train/images/nepal-flooding_00000251_pre_disaster.png;data/week8_extra/train/images/nepal-flooding_00000251_post_disaster.png;data/week8_extra/train/labels/nepal-flooding_00000251_pre_disaster.json;data/week8_extra/train/labels/nepal-flooding_00000251_post_disaster.json,4,37,1376,18815
nepal-flooding_00000296,4,data/week8_extra/train/images/nepal-flooding_00000296_pre_disaster.png;data/week8_extra/train/images/nepal-flooding_00000296_post_disaster.png;data/week8_extra/train/labels/nepal-flooding_00000296_pre_disaster.json;data/week8_extra/train/labels/nepal-flooding_00000296_post_disaster.json,21,8,8701,3220
nepal-flooding_00000576,4,data/week8_extra/train/images/nepal-flooding_00000576_pre_disaster.png;data/week8_extra/train/images/nepal-flooding_00000576_post_disaster.png;data/week8_extra/train/labels/nepal-flooding_00000576_pre_disaster.json;data/week8_extra/train/labels/nepal-flooding_00000576_post_disaster.json,19,11,8710,6285
nepal-flooding_00000609,4,data/week8_extra/train/images/nepal-flooding_00000609_pre_disaster.png;data/week8_extra/train/images/nepal-flooding_00000609_post_disaster.png;data/week8_extra/train/labels/nepal-flooding_00000609_pre_disaster.json;data/week8_extra/train/labels/nepal-flooding_00000609_post_disaster.json,22,5,13672,1291
nepal-flooding_00000340,4,data/week8_extra/train/images/nepal-flooding_00000340_pre_disaster.png;data/week8_extra/train/images/nepal-flooding_00000340_post_disaster.png;data/week8_extra/train/labels/nepal-flooding_00000340_pre_disaster.json;data/week8_extra/train/labels/nepal-flooding_00000340_post_disaster.json,11,23,7383,13352
nepal-flooding_00000112,4,data/week8_extra/train/images/nepal-flooding_00000112_pre_disaster.png;data/week8_extra/train/images/nepal-flooding_00000112_post_disaster.png;data/week8_extra/train/labels/nepal-flooding_00000112_pre_disaster.json;data/week8_extra/train/labels/nepal-flooding_00000112_post_disaster.json,19,11,5777,2454
nepal-flooding_00000232,4,data/week8_extra/train/images/nepal-flooding_00000232_pre_disaster.png;data/week8_extra/train/images/nepal-flooding_00000232_post_disaster.png;data/week8_extra/train/labels/nepal-flooding_00000232_pre_disaster.json;data/week8_extra/train/labels/nepal-flooding_00000232_post_disaster.json,10,24,5137,17217
nepal-flooding_00000218,4,data/week8_extra/train/images/nepal-flooding_00000218_pre_disaster.png;data/week8_extra/train/images/nepal-flooding_00000218_post_disaster.png;data/week8_extra/train/labels/nepal-flooding_00000218_pre_disaster.json;data/week8_extra/train/labels/nepal-flooding_00000218_post_disaster.json,17,13,6265,3969
nepal-flooding_00000298,4,data/week8_extra/train/images/nepal-flooding_00000298_pre_disaster.png;data/week8_extra/train/images/nepal-flooding_00000298_post_disaster.png;data/week8_extra/train/labels/nepal-flooding_00000298_pre_disaster.json;data/week8_extra/train/labels/nepal-flooding_00000298_post_disaster.json,11,22,5880,11809
nepal-flooding_00000602,4,data/week8_extra/train/images/nepal-flooding_00000602_pre_disaster.png;data/week8_extra/train/images/nepal-flooding_00000602_post_disaster.png;data/week8_extra/train/labels/nepal-flooding_00000602_pre_disaster.json;data/week8_extra/train/labels/nepal-flooding_00000602_post_disaster.json,18,11,5640,3552
nepal-flooding_00000560,4,data/week8_extra/train/images/nepal-flooding_00000560_pre_disaster.png;data/week8_extra/train/images/nepal-flooding_00000560_post_disaster.png;data/week8_extra/train/labels/nepal-flooding_00000560_pre_disaster.json;data/week8_extra/train/labels/nepal-flooding_00000560_post_disaster.json,24,0,12864,0
nepal-flooding_00000594,4,data/week8_extra/train/images/nepal-flooding_00000594_pre_disaster.png;data/week8_extra/train/images/nepal-flooding_00000594_post_disaster.png;data/week8_extra/train/labels/nepal-flooding_00000594_pre_disaster.json;data/week8_extra/train/labels/nepal-flooding_00000594_post_disaster.json,20,6,11876,7933
nepal-flooding_00000403,4,data/week8_extra/train/images/nepal-flooding_00000403_pre_disaster.png;data/week8_extra/train/images/nepal-flooding_00000403_post_disaster.png;data/week8_extra/train/labels/nepal-flooding_00000403_pre_disaster.json;data/week8_extra/train/labels/nepal-flooding_00000403_post_disaster.json,17,11,12699,6005
nepal-flooding_00000094,4,data/week8_extra/train/images/nepal-flooding_00000094_pre_disaster.png;data/week8_extra/train/images/nepal-flooding_00000094_post_disaster.png;data/week8_extra/train/labels/nepal-flooding_00000094_pre_disaster.json;data/week8_extra/train/labels/nepal-flooding_00000094_post_disaster.json,20,7,4703,1839
nepal-flooding_00000105,4,data/week8_extra/train/images/nepal-flooding_00000105_pre_disaster.png;data/week8_extra/train/images/nepal-flooding_00000105_post_disaster.png;data/week8_extra/train/labels/nepal-flooding_00000105_pre_disaster.json;data/week8_extra/train/labels/nepal-flooding_00000105_post_disaster.json,14,17,3319,3265
nepal-flooding_00000398,4,data/week8_extra/train/images/nepal-flooding_00000398_pre_disaster.png;data/week8_extra/train/images/nepal-flooding_00000398_post_disaster.png;data/week8_extra/train/labels/nepal-flooding_00000398_pre_disaster.json;data/week8_extra/train/labels/nepal-flooding_00000398_post_disaster.json,20,6,5709,1551
nepal-flooding_00000100,4,data/week8_extra/train/images/nepal-flooding_00000100_pre_disaster.png;data/week8_extra/train/images/nepal-flooding_00000100_post_disaster.png;data/week8_extra/train/labels/nepal-flooding_00000100_pre_disaster.json;data/week8_extra/train/labels/nepal-flooding_00000100_post_disaster.json,15,15,1539,1066
nepal-flooding_00000497,4,data/week8_extra/train/images/nepal-flooding_00000497_pre_disaster.png;data/week8_extra/train/images/nepal-flooding_00000497_post_disaster.png;data/week8_extra/train/labels/nepal-flooding_00000497_pre_disaster.json;data/week8_extra/train/labels/nepal-flooding_00000497_post_disaster.json,7,27,990,8222
nepal-flooding_00000339,4,data/week8_extra/train/images/nepal-flooding_00000339_pre_disaster.png;data/week8_extra/train/images/nepal-flooding_00000339_post_disaster.png;data/week8_extra/train/labels/nepal-flooding_00000339_pre_disaster.json;data/week8_extra/train/labels/nepal-flooding_00000339_post_disaster.json,16,12,1756,3048
nepal-flooding_00000381,4,data/week8_extra/train/images/nepal-flooding_00000381_pre_disaster.png;data/week8_extra/train/images/nepal-flooding_00000381_post_disaster.png;data/week8_extra/train/labels/nepal-flooding_00000381_pre_disaster.json;data/week8_extra/train/labels/nepal-flooding_00000381_post_disaster.json,21,2,14910,1118
nepal-flooding_00000136,4,data/week8_extra/train/images/nepal-flooding_00000136_pre_disaster.png;data/week8_extra/train/images/nepal-flooding_00000136_post_disaster.png;data/week8_extra/train/labels/nepal-flooding_00000136_pre_disaster.json;data/week8_extra/train/labels/nepal-flooding_00000136_post_disaster.json,23,0,6321,0
nepal-flooding_00000508,4,data/week8_extra/train/images/nepal-flooding_00000508_pre_disaster.png;data/week8_extra/train/images/nepal-flooding_00000508_post_disaster.png;data/week8_extra/train/labels/nepal-flooding_00000508_pre_disaster.json;data/week8_extra/train/labels/nepal-flooding_00000508_post_disaster.json,22,1,6077,81
nepal-flooding_00000311,4,data/week8_extra/train/images/nepal-flooding_00000311_pre_disaster.png;data/week8_extra/train/images/nepal-flooding_00000311_post_disaster.png;data/week8_extra/train/labels/nepal-flooding_00000311_pre_disaster.json;data/week8_extra/train/labels/nepal-flooding_00000311_post_disaster.json,12,18,3788,5335
nepal-flooding_00000386,4,data/week8_extra/train/images/nepal-flooding_00000386_pre_disaster.png;data/week8_extra/train/images/nepal-flooding_00000386_post_disaster.png;data/week8_extra/train/labels/nepal-flooding_00000386_pre_disaster.json;data/week8_extra/train/labels/nepal-flooding_00000386_post_disaster.json,17,6,22358,4187
nepal-flooding_00000166,4,data/week8_extra/train/images/nepal-flooding_00000166_pre_disaster.png;data/week8_extra/train/images/nepal-flooding_00000166_post_disaster.png;data/week8_extra/train/labels/nepal-flooding_00000166_pre_disaster.json;data/week8_extra/train/labels/nepal-flooding_00000166_post_disaster.json,7,25,2690,7323
nepal-flooding_00000242,4,data/week8_extra/train/images/nepal-flooding_00000242_pre_disaster.png;data/week8_extra/train/images/nepal-flooding_00000242_post_disaster.png;data/week8_extra/train/labels/nepal-flooding_00000242_pre_disaster.json;data/week8_extra/train/labels/nepal-flooding_00000242_post_disaster.json,21,2,4720,166
nepal-flooding_00000487,4,data/week8_extra/train/images/nepal-flooding_00000487_pre_disaster.png;data/week8_extra/train/images/nepal-flooding_00000487_post_disaster.png;data/week8_extra/train/labels/nepal-flooding_00000487_pre_disaster.json;data/week8_extra/train/labels/nepal-flooding_00000487_post_disaster.json,20,1,14609,1517
nepal-flooding_00000515,4,data/week8_extra/train/images/nepal-flooding_00000515_pre_disaster.png;data/week8_extra/train/images/nepal-flooding_00000515_post_disaster.png;data/week8_extra/train/labels/nepal-flooding_00000515_pre_disaster.json;data/week8_extra/train/labels/nepal-flooding_00000515_post_disaster.json,19,4,3576,702
nepal-flooding_00000535,4,data/week8_extra/train/images/nepal-flooding_00000535_pre_disaster.png;data/week8_extra/train/images/nepal-flooding_00000535_post_disaster.png;data/week8_extra/train/labels/nepal-flooding_00000535_pre_disaster.json;data/week8_extra/train/labels/nepal-flooding_00000535_post_disaster.json,18,4,13768,1757
nepal-flooding_00000266,4,data/week8_extra/train/images/nepal-flooding_00000266_pre_disaster.png;data/week8_extra/train/images/nepal-flooding_00000266_post_disaster.png;data/week8_extra/train/labels/nepal-flooding_00000266_pre_disaster.json;data/week8_extra/train/labels/nepal-flooding_00000266_post_disaster.json,17,6,8662,2696
nepal-flooding_00000377,4,data/week8_extra/train/images/nepal-flooding_00000377_pre_disaster.png;data/week8_extra/train/images/nepal-flooding_00000377_post_disaster.png;data/week8_extra/train/labels/nepal-flooding_00000377_pre_disaster.json;data/week8_extra/train/labels/nepal-flooding_00000377_post_disaster.json,20,1,8795,86
nepal-flooding_00000164,4,data/week8_extra/train/images/nepal-flooding_00000164_pre_disaster.png;data/week8_extra/train/images/nepal-flooding_00000164_post_disaster.png;data/week8_extra/train/labels/nepal-flooding_00000164_pre_disaster.json;data/week8_extra/train/labels/nepal-flooding_00000164_post_disaster.json,16,8,3224,1313
nepal-flooding_00000342,4,data/week8_extra/train/images/nepal-flooding_00000342_pre_disaster.png;data/week8_extra/train/images/nepal-flooding_00000342_post_disaster.png;data/week8_extra/train/labels/nepal-flooding_00000342_pre_disaster.json;data/week8_extra/train/labels/nepal-flooding_00000342_post_disaster.json,15,9,5583,4852
nepal-flooding_00000063,4,data/week8_extra/train/images/nepal-flooding_00000063_pre_disaster.png;data/week8_extra/train/images/nepal-flooding_00000063_post_disaster.png;data/week8_extra/train/labels/nepal-flooding_00000063_pre_disaster.json;data/week8_extra/train/labels/nepal-flooding_00000063_post_disaster.json,16,6,11316,5111
nepal-flooding_00000122,4,data/week8_extra/train/images/nepal-flooding_00000122_pre_disaster.png;data/week8_extra/train/images/nepal-flooding_00000122_post_disaster.png;data/week8_extra/train/labels/nepal-flooding_00000122_pre_disaster.json;data/week8_extra/train/labels/nepal-flooding_00000122_post_disaster.json,11,15,2947,3407
nepal-flooding_00000512,4,data/week8_extra/train/images/nepal-flooding_00000512_pre_disaster.png;data/week8_extra/train/images/nepal-flooding_00000512_post_disaster.png;data/week8_extra/train/labels/nepal-flooding_00000512_pre_disaster.json;data/week8_extra/train/labels/nepal-flooding_00000512_post_disaster.json,15,9,4124,2840
nepal-flooding_00000123,4,data/week8_extra/train/images/nepal-flooding_00000123_pre_disaster.png;data/week8_extra/train/images/nepal-flooding_00000123_post_disaster.png;data/week8_extra/train/labels/nepal-flooding_00000123_pre_disaster.json;data/week8_extra/train/labels/nepal-flooding_00000123_post_disaster.json,19,0,9098,0
nepal-flooding_00000206,4,data/week8_extra/train/images/nepal-flooding_00000206_pre_disaster.png;data/week8_extra/train/images/nepal-flooding_00000206_post_disaster.png;data/week8_extra/train/labels/nepal-flooding_00000206_pre_disaster.json;data/week8_extra/train/labels/nepal-flooding_00000206_post_disaster.json,9,18,2972,3127
nepal-flooding_00000601,4,data/week8_extra/train/images/nepal-flooding_00000601_pre_disaster.png;data/week8_extra/train/images/nepal-flooding_00000601_post_disaster.png;data/week8_extra/train/labels/nepal-flooding_00000601_pre_disaster.json;data/week8_extra/train/labels/nepal-flooding_00000601_post_disaster.json,18,2,8177,609
nepal-flooding_00000556,4,data/week8_extra/train/images/nepal-flooding_00000556_pre_disaster.png;data/week8_extra/train/images/nepal-flooding_00000556_post_disaster.png;data/week8_extra/train/labels/nepal-flooding_00000556_pre_disaster.json;data/week8_extra/train/labels/nepal-flooding_00000556_post_disaster.json,17,4,3063,681
nepal-flooding_00000595,4,data/week8_extra/train/images/nepal-flooding_00000595_pre_disaster.png;data/week8_extra/train/images/nepal-flooding_00000595_post_disaster.png;data/week8_extra/train/labels/nepal-flooding_00000595_pre_disaster.json;data/week8_extra/train/labels/nepal-flooding_00000595_post_disaster.json,10,14,4263,16007
nepal-flooding_00000093,4,data/week8_extra/train/images/nepal-flooding_00000093_pre_disaster.png;data/week8_extra/train/images/nepal-flooding_00000093_post_disaster.png;data/week8_extra/train/labels/nepal-flooding_00000093_pre_disaster.json;data/week8_extra/train/labels/nepal-flooding_00000093_post_disaster.json,15,7,2286,1023
nepal-flooding_00000270,4,data/week8_extra/train/images/nepal-flooding_00000270_pre_disaster.png;data/week8_extra/train/images/nepal-flooding_00000270_post_disaster.png;data/week8_extra/train/labels/nepal-flooding_00000270_pre_disaster.json;data/week8_extra/train/labels/nepal-flooding_00000270_post_disaster.json,7,18,3077,8682
nepal-flooding_00000351,4,data/week8_extra/train/images/nepal-flooding_00000351_pre_disaster.png;data/week8_extra/train/images/nepal-flooding_00000351_post_disaster.png;data/week8_extra/train/labels/nepal-flooding_00000351_pre_disaster.json;data/week8_extra/train/labels/nepal-flooding_00000351_post_disaster.json,1,28,359,18131
nepal-flooding_00000437,4,data/week8_extra/train/images/nepal-flooding_00000437_pre_disaster.png;data/week8_extra/train/images/nepal-flooding_00000437_post_disaster.png;data/week8_extra/train/labels/nepal-flooding_00000437_pre_disaster.json;data/week8_extra/train/labels/nepal-flooding_00000437_post_disaster.json,17,3,4329,278
nepal-flooding_00000473,4,data/week8_extra/train/images/nepal-flooding_00000473_pre_disaster.png;data/week8_extra/train/images/nepal-flooding_00000473_post_disaster.png;data/week8_extra/train/labels/nepal-flooding_00000473_pre_disaster.json;data/week8_extra/train/labels/nepal-flooding_00000473_post_disaster.json,7,19,1855,5172
nepal-flooding_00000431,4,data/week8_extra/train/images/nepal-flooding_00000431_pre_disaster.png;data/week8_extra/train/images/nepal-flooding_00000431_post_disaster.png;data/week8_extra/train/labels/nepal-flooding_00000431_pre_disaster.json;data/week8_extra/train/labels/nepal-flooding_00000431_post_disaster.json,15,5,6417,1891
nepal-flooding_00000484,4,data/week8_extra/train/images/nepal-flooding_00000484_pre_disaster.png;data/week8_extra/train/images/nepal-flooding_00000484_post_disaster.png;data/week8_extra/train/labels/nepal-flooding_00000484_pre_disaster.json;data/week8_extra/train/labels/nepal-flooding_00000484_post_disaster.json,18,0,5956,0
nepal-flooding_00000017,4,data/week8_extra/train/images/nepal-flooding_00000017_pre_disaster.png;data/week8_extra/train/images/nepal-flooding_00000017_post_disaster.png;data/week8_extra/train/labels/nepal-flooding_00000017_pre_disaster.json;data/week8_extra/train/labels/nepal-flooding_00000017_post_disaster.json,2,27,351,5342
nepal-flooding_00000142,4,data/week8_extra/train/images/nepal-flooding_00000142_pre_disaster.png;data/week8_extra/train/images/nepal-flooding_00000142_post_disaster.png;data/week8_extra/train/labels/nepal-flooding_00000142_pre_disaster.json;data/week8_extra/train/labels/nepal-flooding_00000142_post_disaster.json,17,1,6282,31
nepal-flooding_00000493,4,data/week8_extra/train/images/nepal-flooding_00000493_pre_disaster.png;data/week8_extra/train/images/nepal-flooding_00000493_post_disaster.png;data/week8_extra/train/labels/nepal-flooding_00000493_pre_disaster.json;data/week8_extra/train/labels/nepal-flooding_00000493_post_disaster.json,14,6,3775,1896
nepal-flooding_00000600,4,data/week8_extra/train/images/nepal-flooding_00000600_pre_disaster.png;data/week8_extra/train/images/nepal-flooding_00000600_post_disaster.png;data/week8_extra/train/labels/nepal-flooding_00000600_pre_disaster.json;data/week8_extra/train/labels/nepal-flooding_00000600_post_disaster.json,7,16,3857,11611
nepal-flooding_00000096,4,data/week8_extra/train/images/nepal-flooding_00000096_pre_disaster.png;data/week8_extra/train/images/nepal-flooding_00000096_post_disaster.png;data/week8_extra/train/labels/nepal-flooding_00000096_pre_disaster.json;data/week8_extra/train/labels/nepal-flooding_00000096_post_disaster.json,17,0,6529,0
nepal-flooding_00000107,4,data/week8_extra/train/images/nepal-flooding_00000107_pre_disaster.png;data/week8_extra/train/images/nepal-flooding_00000107_post_disaster.png;data/week8_extra/train/labels/nepal-flooding_00000107_pre_disaster.json;data/week8_extra/train/labels/nepal-flooding_00000107_post_disaster.json,11,10,4824,3788
nepal-flooding_00000273,4,data/week8_extra/train/images/nepal-flooding_00000273_pre_disaster.png;data/week8_extra/train/images/nepal-flooding_00000273_post_disaster.png;data/week8_extra/train/labels/nepal-flooding_00000273_pre_disaster.json;data/week8_extra/train/labels/nepal-flooding_00000273_post_disaster.json,2,25,509,7572
nepal-flooding_00000555,4,data/week8_extra/train/images/nepal-flooding_00000555_pre_disaster.png;data/week8_extra/train/images/nepal-flooding_00000555_post_disaster.png;data/week8_extra/train/labels/nepal-flooding_00000555_pre_disaster.json;data/week8_extra/train/labels/nepal-flooding_00000555_post_disaster.json,13,6,5299,2299
nepal-flooding_00000425,4,data/week8_extra/train/images/nepal-flooding_00000425_pre_disaster.png;data/week8_extra/train/images/nepal-flooding_00000425_post_disaster.png;data/week8_extra/train/labels/nepal-flooding_00000425_pre_disaster.json;data/week8_extra/train/labels/nepal-flooding_00000425_post_disaster.json,9,13,3952,4083
nepal-flooding_00000552,4,data/week8_extra/train/images/nepal-flooding_00000552_pre_disaster.png;data/week8_extra/train/images/nepal-flooding_00000552_post_disaster.png;data/week8_extra/train/labels/nepal-flooding_00000552_pre_disaster.json;data/week8_extra/train/labels/nepal-flooding_00000552_post_disaster.json,11,9,3217,4437
nepal-flooding_00000176,4,data/week8_extra/train/images/nepal-flooding_00000176_pre_disaster.png;data/week8_extra/train/images/nepal-flooding_00000176_post_disaster.png;data/week8_extra/train/labels/nepal-flooding_00000176_pre_disaster.json;data/week8_extra/train/labels/nepal-flooding_00000176_post_disaster.json,13,5,6357,3373
nepal-flooding_00000456,4,data/week8_extra/train/images/nepal-flooding_00000456_pre_disaster.png;data/week8_extra/train/images/nepal-flooding_00000456_post_disaster.png;data/week8_extra/train/labels/nepal-flooding_00000456_pre_disaster.json;data/week8_extra/train/labels/nepal-flooding_00000456_post_disaster.json,11,8,4652,2244
nepal-flooding_00000587,4,data/week8_extra/train/images/nepal-flooding_00000587_pre_disaster.png;data/week8_extra/train/images/nepal-flooding_00000587_post_disaster.png;data/week8_extra/train/labels/nepal-flooding_00000587_pre_disaster.json;data/week8_extra/train/labels/nepal-flooding_00000587_post_disaster.json,15,1,7336,522
nepal-flooding_00000149,4,data/week8_extra/train/images/nepal-flooding_00000149_pre_disaster.png;data/week8_extra/train/images/nepal-flooding_00000149_post_disaster.png;data/week8_extra/train/labels/nepal-flooding_00000149_pre_disaster.json;data/week8_extra/train/labels/nepal-flooding_00000149_post_disaster.json,16,0,1963,0
nepal-flooding_00000087,4,data/week8_extra/train/images/nepal-flooding_00000087_pre_disaster.png;data/week8_extra/train/images/nepal-flooding_00000087_post_disaster.png;data/week8_extra/train/labels/nepal-flooding_00000087_pre_disaster.json;data/week8_extra/train/labels/nepal-flooding_00000087_post_disaster.json,15,1,4773,147
nepal-flooding_00000400,4,data/week8_extra/train/images/nepal-flooding_00000400_pre_disaster.png;data/week8_extra/train/images/nepal-flooding_00000400_post_disaster.png;data/week8_extra/train/labels/nepal-flooding_00000400_pre_disaster.json;data/week8_extra/train/labels/nepal-flooding_00000400_post_disaster.json,15,1,2447,252
nepal-flooding_00000498,4,data/week8_extra/train/images/nepal-flooding_00000498_pre_disaster.png;data/week8_extra/train/images/nepal-flooding_00000498_post_disaster.png;data/week8_extra/train/labels/nepal-flooding_00000498_pre_disaster.json;data/week8_extra/train/labels/nepal-flooding_00000498_post_disaster.json,15,1,2332,123
